INSERT INTO projekt.wojewodztwo(Wojewodztwo_ID, Wojewodztwo_nazwa, wojewodztwo_miasto, wojewodztwo_liczba_mieszkancow) VALUES( 'ZPM', 'zachodniopomorskie', 'Szczecin', 1676000 );
INSERT INTO projekt.wojewodztwo(Wojewodztwo_ID, Wojewodztwo_nazwa, wojewodztwo_miasto, wojewodztwo_liczba_mieszkancow) VALUES( 'POM', 'pomorskie', 'Gdańsk', 2305000 );
INSERT INTO projekt.wojewodztwo(Wojewodztwo_ID, Wojewodztwo_nazwa, wojewodztwo_miasto, wojewodztwo_liczba_mieszkancow) VALUES( 'WMZ', 'warmińsko-mazurskie', 'Olsztyn', 1404000 );
INSERT INTO projekt.wojewodztwo(Wojewodztwo_ID, Wojewodztwo_nazwa, wojewodztwo_miasto, wojewodztwo_liczba_mieszkancow) VALUES( 'LBS', 'lubuskie', 'Zielona Góra/Gorzów Wielkopolski', 1003000 );
INSERT INTO projekt.wojewodztwo(Wojewodztwo_ID, Wojewodztwo_nazwa, wojewodztwo_miasto, wojewodztwo_liczba_mieszkancow) VALUES( 'WLK', 'wielkopolskie', 'Poznań', 3473000 );
INSERT INTO projekt.wojewodztwo(Wojewodztwo_ID, Wojewodztwo_nazwa, wojewodztwo_miasto, wojewodztwo_liczba_mieszkancow) VALUES( 'KPM', 'kujawsko-pomorskie', 'Bydgoszcz/Toruń', 2055000 );
INSERT INTO projekt.wojewodztwo(Wojewodztwo_ID, Wojewodztwo_nazwa, wojewodztwo_miasto, wojewodztwo_liczba_mieszkancow) VALUES( 'MAZ', 'mazowieckie', 'Warszawa', 5411000 );
INSERT INTO projekt.wojewodztwo(Wojewodztwo_ID, Wojewodztwo_nazwa, wojewodztwo_miasto, wojewodztwo_liczba_mieszkancow) VALUES( 'PDL', 'podlaskie', 'Białystok', 1179000 );
INSERT INTO projekt.wojewodztwo(Wojewodztwo_ID, Wojewodztwo_nazwa, wojewodztwo_miasto, wojewodztwo_liczba_mieszkancow) VALUES( 'DŚL', 'dolnośląskie', 'Wrocław', 2865000 );
INSERT INTO projekt.wojewodztwo(Wojewodztwo_ID, Wojewodztwo_nazwa, wojewodztwo_miasto, wojewodztwo_liczba_mieszkancow) VALUES( 'ŁDZ', 'łódzkie', 'Łodź', 2455000 );
INSERT INTO projekt.wojewodztwo(Wojewodztwo_ID, Wojewodztwo_nazwa, wojewodztwo_miasto, wojewodztwo_liczba_mieszkancow) VALUES( 'ŚWI', 'świętokrzyskie', 'Kielce', 1237000 );
INSERT INTO projekt.wojewodztwo(Wojewodztwo_ID, Wojewodztwo_nazwa, wojewodztwo_miasto, wojewodztwo_liczba_mieszkancow) VALUES( 'LUB', 'lubelskie', 'Lublin', 2112000 );
INSERT INTO projekt.wojewodztwo(Wojewodztwo_ID, Wojewodztwo_nazwa, wojewodztwo_miasto, wojewodztwo_liczba_mieszkancow) VALUES( 'OPO', 'opolskie', 'Opole', 946038 );
INSERT INTO projekt.wojewodztwo(Wojewodztwo_ID, Wojewodztwo_nazwa, wojewodztwo_miasto, wojewodztwo_liczba_mieszkancow) VALUES( 'ŚLS', 'śląskie', 'Katowice', 4489000 );
INSERT INTO projekt.wojewodztwo(Wojewodztwo_ID, Wojewodztwo_nazwa, wojewodztwo_miasto, wojewodztwo_liczba_mieszkancow) VALUES( 'MAŁ', 'małopolskie', 'Kraków', 3361000 );
INSERT INTO projekt.wojewodztwo(Wojewodztwo_ID, Wojewodztwo_nazwa, wojewodztwo_miasto, wojewodztwo_liczba_mieszkancow) VALUES( 'PDK', 'podkarpackie', 'Rzeszów', 2127000 );


INSERT INTO projekt.laboratorium VALUES( 'WAR01', 'Warszawa', 'Płocka 25', 600 );
INSERT INTO projekt.laboratorium VALUES( 'WAR02', 'Warszawa', 'Rzeczna 2', 500 );
INSERT INTO projekt.laboratorium VALUES( 'LUB01', 'Lublin', 'Lwowska 4', 400 );
INSERT INTO projekt.laboratorium VALUES( 'KRA01', 'Kraków', 'Kijowska 49', 500 );
INSERT INTO projekt.laboratorium VALUES( 'KRA02', 'Kraków', 'Mickiewicza 94', 380 );
INSERT INTO projekt.laboratorium VALUES( 'OLS01', 'Olsztyn', 'Mazowiecka 107', 400 );
INSERT INTO projekt.laboratorium VALUES( 'WRO01', 'Wrocław', 'Dolna 7', 500 );
INSERT INTO projekt.laboratorium VALUES( 'WRO02', 'Wrocław', 'Górna 1', 450 );
INSERT INTO projekt.laboratorium VALUES( 'POZ01', 'Poznań', 'Laboratoryjna 32', 450 );
INSERT INTO projekt.laboratorium VALUES( 'SZC01', 'Szczecin', 'Testowa 27', 450 );
INSERT INTO projekt.laboratorium VALUES( 'KAT01', 'Katowice', 'Zbożowa 4', 400 );


INSERT INTO projekt.sanepid(Sanepid_Adres, Sanepid_Telefon, Wojewodztwo_ID, Sanepid_Haslo) VALUES( 'Polna 12', '123456789', 'ZPM', 'Sanepid' );
INSERT INTO projekt.sanepid(Sanepid_Adres, Sanepid_Telefon, Wojewodztwo_ID, Sanepid_Haslo) VALUES( 'Kwiatowa 127', '234567890', 'POM', 'Sanepid' );
INSERT INTO projekt.sanepid(Sanepid_Adres, Sanepid_Telefon, Wojewodztwo_ID, Sanepid_Haslo) VALUES( 'Lekarska 242', '345678901', 'WMZ', 'Sanepid' );
INSERT INTO projekt.sanepid(Sanepid_Adres, Sanepid_Telefon, Wojewodztwo_ID, Sanepid_Haslo) VALUES( 'Samolotowa 3', '456789012', 'LBS', 'Sanepid' );
INSERT INTO projekt.sanepid(Sanepid_Adres, Sanepid_Telefon, Wojewodztwo_ID, Sanepid_Haslo) VALUES( 'Irysowa 2', '678901234', 'WLK', 'Sanepid' );
INSERT INTO projekt.sanepid(Sanepid_Adres, Sanepid_Telefon, Wojewodztwo_ID, Sanepid_Haslo) VALUES( 'Kopernika 49', '789012345', 'KPM', 'Sanepid' );
INSERT INTO projekt.sanepid(Sanepid_Adres, Sanepid_Telefon, Wojewodztwo_ID, Sanepid_Haslo) VALUES( 'Nocna 134', '901234567', 'MAZ', 'Sanepid' );
INSERT INTO projekt.sanepid(Sanepid_Adres, Sanepid_Telefon, Wojewodztwo_ID, Sanepid_Haslo) VALUES( 'Mickiewicza 7', '223344556', 'PDL', 'Sanepid' );
INSERT INTO projekt.sanepid(Sanepid_Adres, Sanepid_Telefon, Wojewodztwo_ID, Sanepid_Haslo) VALUES( 'Poznańska 46', '334455667', 'DŚL', 'Sanepid' );
INSERT INTO projekt.sanepid(Sanepid_Adres, Sanepid_Telefon, Wojewodztwo_ID, Sanepid_Haslo) VALUES( 'Wiśniowa 12', '445566778', 'ŁDZ', 'Sanepid' );
INSERT INTO projekt.sanepid(Sanepid_Adres, Sanepid_Telefon, Wojewodztwo_ID, Sanepid_Haslo) VALUES( 'Miodowa 1', '556677889', 'ŚWI', 'Sanepid' );
INSERT INTO projekt.sanepid(Sanepid_Adres, Sanepid_Telefon, Wojewodztwo_ID, Sanepid_Haslo) VALUES( 'Pocztowa 17', '667788990', 'LUB', 'Sanepid' );
INSERT INTO projekt.sanepid(Sanepid_Adres, Sanepid_Telefon, Wojewodztwo_ID, Sanepid_Haslo) VALUES( 'Bohaterów 39', '778899001', 'OPO', 'Sanepid' );
INSERT INTO projekt.sanepid(Sanepid_Adres, Sanepid_Telefon, Wojewodztwo_ID, Sanepid_Haslo) VALUES( 'Abecadłowa 6', '889900112', 'ŚLS', 'Sanepid' );
INSERT INTO projekt.sanepid(Sanepid_Adres, Sanepid_Telefon, Wojewodztwo_ID, Sanepid_Haslo) VALUES( 'Pilotów 21', '990011223', 'MAŁ', 'Sanepid' );
INSERT INTO projekt.sanepid(Sanepid_Adres, Sanepid_Telefon, Wojewodztwo_ID, Sanepid_Haslo) VALUES( 'Sandomierska 88', '111222333', 'PDK', 'Sanepid' );


INSERT INTO projekt.izolatorium VALUES( 'I01WAR', 'Warszawa', 'Cicha 46' );
INSERT INTO projekt.izolatorium VALUES( 'I02WAR', 'Warszawa', 'Aleja Wojska Polskiego 117');
INSERT INTO projekt.izolatorium VALUES( 'I01LUB', 'Lublin', 'Diamentowa 27' );
INSERT INTO projekt.izolatorium VALUES( 'I01KRA', 'Kraków', 'Rzeczna 12' );
INSERT INTO projekt.izolatorium VALUES( 'I01WRO', 'Wrocław', 'Zaciszna 6' );
INSERT INTO projekt.izolatorium VALUES( 'I01KAT', 'Katowice', 'Krakowska 78' );
INSERT INTO projekt.izolatorium VALUES( 'I01POZ', 'Poznań', 'Uliczna 5' );
INSERT INTO projekt.izolatorium VALUES( 'I01SZC', 'Szczecin', 'Morska 74' );
INSERT INTO projekt.izolatorium VALUES( 'I01GDA', 'Gdańsk', 'Rybna 11' );


INSERT INTO projekt.szpital VALUES( 'S01WAR', 'Szpital nr 1 im. Jana Pawła II w Warszawie', 'Warszawa', 'Aleja Wojska Polskiego 100', 5 );
INSERT INTO projekt.szpital VALUES( 'S02WAR', 'Szpital nr 2 im. Medyków w Warszawie', 'Warszawa', 'Lekarska 2', 4 );
INSERT INTO projekt.szpital VALUES( 'S01KRA', 'Szpital nr 1 im. Jana Pawła II w Krakowie', 'Kraków', 'Zaciszna 6', 4 );
INSERT INTO projekt.szpital VALUES( 'S02KRA', 'Szpital nr 2 w Krakowie', 'Kraków', 'Wrocławska 3', 3 );
INSERT INTO projekt.szpital VALUES( 'S01POZ', 'Szpital nr 1 w Poznaniu', 'Poznań', 'Medyczna 1', 4 );
INSERT INTO projekt.szpital VALUES( 'S01SZC', 'Szpital nr 1 im. Mikołaja Kopernika w Szczecinie', 'Szczecin', 'Pomorska 17', 4 );
INSERT INTO projekt.szpital VALUES( 'S01GDA', 'Szpital nr 1 w Gdańsku', 'Gdańsk', 'Medyczna 19', 3 );
INSERT INTO projekt.szpital VALUES( 'S01KAT', 'Szpital nr 1 w Katowicach', 'Katowice', 'Główna 77', 3 );
INSERT INTO projekt.szpital VALUES( 'S01RZE', 'Szpital nr 1 im. Jana Pawła II w Rzeszowie', 'Rzeszów', 'Irysowa 37', 2 );
INSERT INTO projekt.szpital VALUES( 'S01LUB', 'Szpital nr 1 w Lublinie', 'Lublin', 'Irysowa 37', 2 );


INSERT INTO projekt.osoba VALUES( '700629391250', 'Kacper', 'Dadacki', 'Opole', 'Brylantowa 47', '738145085', NULL, 'KacperDadacki', 'OPO');
INSERT INTO projekt.osoba VALUES( '681129694732', 'Elżbieta', 'Dadacka', 'Nysa', 'Chopina 170', '547487306', NULL, 'ElżbietaDadacka', 'OPO');
INSERT INTO projekt.osoba VALUES( '530308652574', 'Bogdan', 'Abacki', 'Bełchatów', 'PCK 42', '843702473', NULL, 'BogdanAbacki', 'ŁDZ');
INSERT INTO projekt.osoba VALUES( '830430738589', 'Cecylia', 'Surchowska', 'Bydgoszcz', 'Chopina 44', '580817330', NULL, 'CecyliaSurchowska', 'KPM');
INSERT INTO projekt.osoba VALUES( '771109380606', 'Adam', 'Abacki', 'Nowa Sól', 'Sobieskiego 137', '605288487', NULL, 'AdamAbacki', 'LBS');
INSERT INTO projekt.osoba VALUES( '640406285691', 'Cecylia', 'Woźna', 'Bydgoszcz', 'Sokola 27', '662273685', NULL, 'CecyliaWoźna', 'KPM');
INSERT INTO projekt.osoba VALUES( '931118331121', 'Tomasz', 'Górny', 'Bydgoszcz', 'Sobieskiego 156', '774185674', NULL, 'TomaszGórny', 'KPM');
INSERT INTO projekt.osoba VALUES( '740914728528', 'Danuta', 'Szymańska', 'Krosno', 'Słowackiego 111', '824023054', NULL, 'DanutaSzymańska', 'PDK');
INSERT INTO projekt.osoba VALUES( '410421110878', 'Kacper', 'Abacki', 'Katowice', 'Sobieskiego 102', '733604617', NULL, 'KacperAbacki', 'ŚLS');
INSERT INTO projekt.osoba VALUES( '690409576124', 'Oliwia', 'Babacka', 'Łódź', 'Miła 77', '882183944', NULL, 'OliwiaBabacka', 'ŁDZ');
INSERT INTO projekt.osoba VALUES( '840415981621', 'Jan', 'Babacki', 'Gorzów Wielkopolski', 'Szkolna 18', '724738963', NULL, 'JanBabacki', 'LBS');
INSERT INTO projekt.osoba VALUES( '520924218151', 'Karolina', 'Kowalska', 'Opatów', 'Chłodna 31', '718738685', NULL, 'KarolinaKowalska', 'ŚWI');
INSERT INTO projekt.osoba VALUES( '640410863125', 'Adam', 'Cabacki', 'Kalisz', 'Spokojna 106', '874466697', NULL, 'AdamCabacki', 'WLK');
INSERT INTO projekt.osoba VALUES( '550210617464', 'Elżbieta', 'Szymańska', 'Zielona Góra', 'Sobieskiego 23', '798931409', NULL, 'ElżbietaSzymańska', 'LBS');
INSERT INTO projekt.osoba VALUES( '960431131598', 'Tomasz', 'Szymański', 'Warszawa', 'Brylantowa 192', '746906530', NULL, 'TomaszSzymański', 'MAZ');
INSERT INTO projekt.osoba VALUES( '500822514497', 'Weronika', 'Surchowska', 'Gdynia', '1 Maja 51', '472160333', NULL, 'WeronikaSurchowska', 'POM');
INSERT INTO projekt.osoba VALUES( '790513728285', 'Zachary', 'Woźny', 'Giżycko', 'PCK 57', '857555890', NULL, 'ZacharyWoźny', 'WMZ');
INSERT INTO projekt.osoba VALUES( '890129581936', 'Elżbieta', 'Dadacka', 'Toruń', 'Gajowa 77', '637714041', NULL, 'ElżbietaDadacka', 'KPM');
INSERT INTO projekt.osoba VALUES( '751126945579', 'Zachary', 'Surchowski', 'Kędzierzyn-Koźle', 'Różana 157', '790072475', NULL, 'ZacharySurchowski', 'OPO');
INSERT INTO projekt.osoba VALUES( '521006777528', 'Cecylia', 'Cabacka', 'Warszawa', 'Kwarcowa 128', '846200614', NULL, 'CecyliaCabacka', 'MAZ');
INSERT INTO projekt.osoba VALUES( '600103374341', 'Zachary', 'Babacki', 'Nowa Sól', 'Bernardyńska 51', '743923570', NULL, 'ZacharyBabacki', 'LBS');
INSERT INTO projekt.osoba VALUES( '700205451758', 'Agnieszka', 'Kowalska', 'Gdynia', 'Sokola 100', '654713032', NULL, 'AgnieszkaKowalska', 'POM');
INSERT INTO projekt.osoba VALUES( '710818569278', 'Aleksander', 'Surchowski', 'Radom', 'Miła 114', '741072969', NULL, 'AleksanderSurchowski', 'MAZ');
INSERT INTO projekt.osoba VALUES( '770331440544', 'Karolina', 'Woźna', 'Bełchatów', 'Kwarcowa 45', '640865542', NULL, 'KarolinaWoźna', 'ŁDZ');
INSERT INTO projekt.osoba VALUES( '970730504499', 'Marcin', 'Kowalski', 'Tarnów', 'Lapisowa 22', '462804286', NULL, 'MarcinKowalski', 'MAŁ');
INSERT INTO projekt.osoba VALUES( '530923162602', 'Janina', 'Babacka', 'Opole', 'Leśna 31', '541288928', NULL, 'JaninaBabacka', 'OPO');
INSERT INTO projekt.osoba VALUES( '430307464827', 'Dariusz', 'Abacki', 'Zamość', 'PCK 138', '678941967', NULL, 'DariuszAbacki', 'LUB');
INSERT INTO projekt.osoba VALUES( '920730645902', 'Oliwia', 'Abacka', 'Bełchatów', 'Żwirowa 22', '886559534', NULL, 'OliwiaAbacka', 'ŁDZ');
INSERT INTO projekt.osoba VALUES( '901001646171', 'Jan', 'Cabacki', 'Kraków', 'Leśna 70', '527608740', NULL, 'JanCabacki', 'MAŁ');
INSERT INTO projekt.osoba VALUES( '980410120985', 'Weronika', 'Abacka', 'Tarnów', 'Odrodzenia 158', '520768818', NULL, 'WeronikaAbacka', 'MAŁ');
INSERT INTO projekt.osoba VALUES( '550202326575', 'Adam', 'Górny', 'Jasło', 'Żwirowa 82', '448140707', NULL, 'AdamGórny', 'PDK');
INSERT INTO projekt.osoba VALUES( '900605926568', 'Elżbieta', 'Górna', 'Chorzów', 'Romantyczna 14', '429236882', NULL, 'ElżbietaGórna', 'ŚLS');
INSERT INTO projekt.osoba VALUES( '850602122727', 'Dariusz', 'Szymański', 'Poznań', 'Słoneczna 73', '684698857', NULL, 'DariuszSzymański', 'WLK');
INSERT INTO projekt.osoba VALUES( '800503342945', 'Cecylia', 'Cabacka', 'Kraków', 'Brylantowa 187', '729168281', NULL, 'CecyliaCabacka', 'MAŁ');
INSERT INTO projekt.osoba VALUES( '621113880076', 'Bogdan', 'Woźny', 'Białystok', '1 Maja 93', '788814924', NULL, 'BogdanWoźny', 'PDL');
INSERT INTO projekt.osoba VALUES( '700428339768', 'Elżbieta', 'Dadacka', 'Olsztyn', 'Chopina 151', '510675486', NULL, 'ElżbietaDadacka', 'WMZ');
INSERT INTO projekt.osoba VALUES( '410622259813', 'Zachary', 'Abacki', 'Zambrów', 'Szkolna 146', '427498598', NULL, 'ZacharyAbacki', 'PDL');
INSERT INTO projekt.osoba VALUES( '631008169268', 'Karolina', 'Górna', 'Tarnów', 'Lipowa 83', '807482543', NULL, 'KarolinaGórna', 'MAŁ');
INSERT INTO projekt.osoba VALUES( '890725468720', 'Kacper', 'Górny', 'Gdynia', 'Lapisowa 22', '839343978', NULL, 'KacperGórny', 'POM');
INSERT INTO projekt.osoba VALUES( '690316543562', 'Karolina', 'Babacka', 'Poznań', 'Gajowa 113', '819044727', NULL, 'KarolinaBabacka', 'WLK');
INSERT INTO projekt.osoba VALUES( '680230597013', 'Cyprian', 'Cabacki', 'Radom', 'Słoneczna 193', '593262113', NULL, 'CyprianCabacki', 'MAZ');
INSERT INTO projekt.osoba VALUES( '810412193264', 'Weronika', 'Babacka', 'Częstochowa', 'Szkolna 23', '590170778', NULL, 'WeronikaBabacka', 'ŚLS');
INSERT INTO projekt.osoba VALUES( '761004737125', 'Jan', 'Dadacki', 'Zambrów', 'Bernardyńska 159', '557021863', NULL, 'JanDadacki', 'PDL');
INSERT INTO projekt.osoba VALUES( '550801518916', 'Barbara', 'Surchowska', 'Toruń', 'Romantyczna 125', '889937443', NULL, 'BarbaraSurchowska', 'KPM');
INSERT INTO projekt.osoba VALUES( '650327104435', 'Kacper', 'Abacki', 'Sandomierz', '1 Maja 169', '504525197', NULL, 'KacperAbacki', 'ŚWI');
INSERT INTO projekt.osoba VALUES( '480501267285', 'Anna', 'Abacka', 'Radom', 'Słoneczna 39', '638561468', NULL, 'AnnaAbacka', 'MAZ');
INSERT INTO projekt.osoba VALUES( '621117203799', 'Aleksander', 'Dadacki', 'Leszno', 'Różana 82', '545175563', NULL, 'AleksanderDadacki', 'WLK');
INSERT INTO projekt.osoba VALUES( '581109793988', 'Danuta', 'Cabacka', 'Radom', 'Chłodna 165', '450700959', NULL, 'DanutaCabacka', 'MAZ');
INSERT INTO projekt.osoba VALUES( '820721180071', 'Tomasz', 'Abacki', 'Nowa Sól', 'Chłodna 40', '520167626', NULL, 'TomaszAbacki', 'LBS');
INSERT INTO projekt.osoba VALUES( '900128351907', 'Anna', 'Dadacka', 'Grudziąc', 'Szkolna 187', '577527218', NULL, 'AnnaDadacka', 'KPM');
INSERT INTO projekt.osoba VALUES( '541209817519', 'Tomasz', 'Kowalski', 'Kołobrzeg', 'Kwarcowa 155', '463546374', NULL, 'TomaszKowalski', 'ZPM');
INSERT INTO projekt.osoba VALUES( '781001526266', 'Barbara', 'Kowalska', 'Kalisz', 'Sokola 39', '843736647', NULL, 'BarbaraKowalska', 'WLK');
INSERT INTO projekt.osoba VALUES( '880210408086', 'Cyprian', 'Kowalski', 'Warszawa', '1 Maja 11', '818475236', NULL, 'CyprianKowalski', 'MAZ');
INSERT INTO projekt.osoba VALUES( '930429196824', 'Anna', 'Cabacka', 'Wrocław', 'Sobieskiego 133', '760427544', NULL, 'AnnaCabacka', 'DŚL');
INSERT INTO projekt.osoba VALUES( '540505913670', 'Dariusz', 'Kowalski', 'Sandomierz', 'Miła 91', '538323311', NULL, 'DariuszKowalski', 'ŚWI');
INSERT INTO projekt.osoba VALUES( '950712735652', 'Elżbieta', 'Górna', 'Zakopane', 'Lipowa 173', '738388426', NULL, 'ElżbietaGórna', 'MAŁ');
INSERT INTO projekt.osoba VALUES( '691026720124', 'Adam', 'Babacki', 'Jasło', 'PCK 134', '862264865', NULL, 'AdamBabacki', 'PDK');
INSERT INTO projekt.osoba VALUES( '580703798575', 'Janina', 'Cabacka', 'Nysa', 'Jodłowa 86', '713146911', NULL, 'JaninaCabacka', 'OPO');
INSERT INTO projekt.osoba VALUES( '710209891272', 'Zachary', 'Surchowski', 'Kielce', 'Jodłowa 195', '822251018', NULL, 'ZacharySurchowski', 'ŚWI');
INSERT INTO projekt.osoba VALUES( '621131664195', 'Barbara', 'Kowalska', 'Legnica', 'Jodłowa 20', '881588390', NULL, 'BarbaraKowalska', 'DŚL');
INSERT INTO projekt.osoba VALUES( '460514622039', 'Tomasz', 'Babacki', 'Chorzów', 'Żwirowa 165', '751467971', NULL, 'TomaszBabacki', 'ŚLS');
INSERT INTO projekt.osoba VALUES( '870227393031', 'Oliwia', 'Górna', 'Bydgoszcz', 'Lipowa 172', '564655310', NULL, 'OliwiaGórna', 'KPM');
INSERT INTO projekt.osoba VALUES( '980812127357', 'Stefan', 'Górny', 'Poznań', 'Słowackiego 160', '742754973', NULL, 'StefanGórny', 'WLK');
INSERT INTO projekt.osoba VALUES( '850225101784', 'Barbara', 'Cabacka', 'Szczecin', 'Chopina 175', '456831103', NULL, 'BarbaraCabacka', 'ZPM');
INSERT INTO projekt.osoba VALUES( '420906669647', 'Tomasz', 'Cabacki', 'Leszno', 'Szkolna 137', '682297838', NULL, 'TomaszCabacki', 'WLK');
INSERT INTO projekt.osoba VALUES( '590521189580', 'Marcelina', 'Woźna', 'Opatów', 'Kwarcowa 79', '792575452', NULL, 'MarcelinaWoźna', 'ŚWI');
INSERT INTO projekt.osoba VALUES( '440510764054', 'Bogdan', 'Surchowski', 'Częstochowa', 'Szkolna 101', '848894430', NULL, 'BogdanSurchowski', 'ŚLS');
INSERT INTO projekt.osoba VALUES( '410719280331', 'Cecylia', 'Surchowska', 'Sopot', 'Lipowa 187', '600088485', NULL, 'CecyliaSurchowska', 'POM');
INSERT INTO projekt.osoba VALUES( '550930688593', 'Marcin', 'Górny', 'Tarnów', 'Brylantowa 4', '715390217', NULL, 'MarcinGórny', 'MAŁ');
INSERT INTO projekt.osoba VALUES( '560806381335', 'Danuta', 'Górna', 'Nysa', 'Sobieskiego 19', '438203453', NULL, 'DanutaGórna', 'OPO');
INSERT INTO projekt.osoba VALUES( '401210254373', 'Adam', 'Surchowski', 'Częstochowa', 'Żwirowa 87', '665559219', NULL, 'AdamSurchowski', 'ŚLS');
INSERT INTO projekt.osoba VALUES( '950301677188', 'Karolina', 'Babacka', 'Katowice', 'Chłodna 183', '783856991', NULL, 'KarolinaBabacka', 'ŚLS');
INSERT INTO projekt.osoba VALUES( '630620157393', 'Aleksander', 'Abacki', 'Legnica', 'Różana 112', '819079042', NULL, 'AleksanderAbacki', 'DŚL');
INSERT INTO projekt.osoba VALUES( '460323396914', 'Agnieszka', 'Babacka', 'Kraków', 'Chopina 65', '619409128', NULL, 'AgnieszkaBabacka', 'MAŁ');
INSERT INTO projekt.osoba VALUES( '930805925945', 'Zachary', 'Kowalski', 'Rzeszów', 'Lapisowa 72', '643505795', NULL, 'ZacharyKowalski', 'PDK');
INSERT INTO projekt.osoba VALUES( '800912298951', 'Janina', 'Górna', 'Częstochowa', 'Bernardyńska 65', '579851238', NULL, 'JaninaGórna', 'ŚLS');
INSERT INTO projekt.osoba VALUES( '811207263870', 'Adam', 'Woźny', 'Lubin', 'Lipowa 58', '864408183', NULL, 'AdamWoźny', 'DŚL');
INSERT INTO projekt.osoba VALUES( '930415332911', 'Barbara', 'Woźna', 'Opole', 'Żwirowa 165', '863531887', NULL, 'BarbaraWoźna', 'OPO');
INSERT INTO projekt.osoba VALUES( '530313853779', 'Kacper', 'Babacki', 'Legnica', 'Sokola 61', '683719054', NULL, 'KacperBabacki', 'DŚL');
INSERT INTO projekt.osoba VALUES( '951001323926', 'Elżbieta', 'Kowalska', 'Jasło', 'Lipowa 59', '746763361', NULL, 'ElżbietaKowalska', 'PDK');
INSERT INTO projekt.osoba VALUES( '601006193631', 'Stefan', 'Cabacki', 'Grudziąc', 'Lipowa 6', '688430382', NULL, 'StefanCabacki', 'KPM');
INSERT INTO projekt.osoba VALUES( '460507866699', 'Agnieszka', 'Babacka', 'Białystok', 'Jodłowa 50', '879032841', NULL, 'AgnieszkaBabacka', 'PDL');
INSERT INTO projekt.osoba VALUES( '501210103157', 'Kacper', 'Abacki', 'Bełchatów', 'Romantyczna 198', '416553593', NULL, 'KacperAbacki', 'ŁDZ');
INSERT INTO projekt.osoba VALUES( '440817164683', 'Oliwia', 'Szymańska', 'Sandomierz', 'Szkolna 3', '477752533', NULL, 'OliwiaSzymańska', 'ŚWI');
INSERT INTO projekt.osoba VALUES( '690113121818', 'Jan', 'Górny', 'Chorzów', 'Gajowa 99', '696956072', NULL, 'JanGórny', 'ŚLS');
INSERT INTO projekt.osoba VALUES( '751118931592', 'Cecylia', 'Kowalska', 'Zamość', 'Słowackiego 157', '832308766', NULL, 'CecyliaKowalska', 'LUB');
INSERT INTO projekt.osoba VALUES( '831001454051', 'Stefan', 'Szymański', 'Radom', 'Chłodna 174', '445263726', NULL, 'StefanSzymański', 'MAZ');
INSERT INTO projekt.osoba VALUES( '590915158708', 'Janina', 'Dadacka', 'Elbląg', 'Chłodna 72', '694196067', NULL, 'JaninaDadacka', 'WMZ');
INSERT INTO projekt.osoba VALUES( '940130913128', 'Tomasz', 'Babacki', 'Sandomierz', 'Jodłowa 28', '731149925', NULL, 'TomaszBabacki', 'ŚWI');
INSERT INTO projekt.osoba VALUES( '720518719188', 'Agnieszka', 'Abacka', 'Katowice', 'Szkolna 79', '851986213', NULL, 'AgnieszkaAbacka', 'ŚLS');
INSERT INTO projekt.osoba VALUES( '470612573434', 'Bogdan', 'Surchowski', 'Legnica', 'Gajowa 112', '405662170', NULL, 'BogdanSurchowski', 'DŚL');
INSERT INTO projekt.osoba VALUES( '400428797058', 'Weronika', 'Kowalska', 'Płock', 'Bernardyńska 198', '861659062', NULL, 'WeronikaKowalska', 'MAZ');
INSERT INTO projekt.osoba VALUES( '790214350252', 'Kacper', 'Abacki', 'Kraków', 'Lapisowa 77', '669579135', NULL, 'KacperAbacki', 'MAŁ');
INSERT INTO projekt.osoba VALUES( '871025240900', 'Elżbieta', 'Abacka', 'Zamość', 'Sobieskiego 82', '774929290', NULL, 'ElżbietaAbacka', 'LUB');
INSERT INTO projekt.osoba VALUES( '890504627453', 'Kacper', 'Szymański', 'Lubin', 'Słoneczna 95', '510810370', NULL, 'KacperSzymański', 'DŚL');
INSERT INTO projekt.osoba VALUES( '401022413355', 'Cecylia', 'Surchowska', 'Nowa Sól', 'Sokola 119', '715057260', NULL, 'CecyliaSurchowska', 'LBS');
INSERT INTO projekt.osoba VALUES( '761202238396', 'Zachary', 'Surchowski', 'Gorzów Wielkopolski', 'Łazy 154', '729411305', NULL, 'ZacharySurchowski', 'LBS');
INSERT INTO projekt.osoba VALUES( '470226722157', 'Oliwia', 'Dadacka', 'Giżycko', 'Odrodzenia 66', '821065309', NULL, 'OliwiaDadacka', 'WMZ');
INSERT INTO projekt.osoba VALUES( '830619171904', 'Dariusz', 'Kowalski', 'Płock', 'Chłodna 110', '801476179', NULL, 'DariuszKowalski', 'MAZ');
INSERT INTO projekt.osoba VALUES( '761207573405', 'Cecylia', 'Dadacka', 'Gdynia', 'PCK 17', '642795180', NULL, 'CecyliaDadacka', 'POM');
INSERT INTO projekt.osoba VALUES( '560401190678', 'Marcin', 'Górny', 'Łódź', 'Lipowa 150', '510548755', NULL, 'MarcinGórny', 'ŁDZ');
INSERT INTO projekt.osoba VALUES( '670713654322', 'Barbara', 'Babacka', 'Jasło', 'Chopina 51', '697561050', NULL, 'BarbaraBabacka', 'PDK');
INSERT INTO projekt.osoba VALUES( '770511578901', 'Adam', 'Kowalski', 'Leszno', 'Brylantowa 115', '579488623', NULL, 'AdamKowalski', 'WLK');
INSERT INTO projekt.osoba VALUES( '450902814106', 'Janina', 'Kowalska', 'Tarnów', 'Sokola 129', '410304016', NULL, 'JaninaKowalska', 'MAŁ');
INSERT INTO projekt.osoba VALUES( '521206899561', 'Jan', 'Kowalski', 'Nowa Sól', 'Chopina 190', '696659226', NULL, 'JanKowalski', 'LBS');
INSERT INTO projekt.osoba VALUES( '710605528902', 'Marcelina', 'Dadacka', 'Wrocław', 'Jodłowa 45', '864492440', NULL, 'MarcelinaDadacka', 'DŚL');
INSERT INTO projekt.osoba VALUES( '980226711752', 'Bogdan', 'Surchowski', 'Olsztyn', 'Spokojna 61', '733041984', NULL, 'BogdanSurchowski', 'WMZ');
INSERT INTO projekt.osoba VALUES( '870416990098', 'Elżbieta', 'Babacka', 'Giżycko', 'Chłodna 137', '515851190', NULL, 'ElżbietaBabacka', 'WMZ');
INSERT INTO projekt.osoba VALUES( '730528943750', 'Marcin', 'Dadacki', 'Nowa Sól', 'Słoneczna 76', '644678579', NULL, 'MarcinDadacki', 'LBS');
INSERT INTO projekt.osoba VALUES( '780530361498', 'Marcelina', 'Babacka', 'Tarnów', '1 Maja 57', '701973900', NULL, 'MarcelinaBabacka', 'MAŁ');
INSERT INTO projekt.osoba VALUES( '671025973417', 'Tomasz', 'Woźny', 'Elbląg', 'Jodłowa 25', '482912931', NULL, 'TomaszWoźny', 'WMZ');
INSERT INTO projekt.osoba VALUES( '821231528415', 'Elżbieta', 'Kowalska', 'Augustów', 'Szkolna 80', '786485413', NULL, 'ElżbietaKowalska', 'PDL');
INSERT INTO projekt.osoba VALUES( '950513244598', 'Jan', 'Woźny', 'Poznań', 'Bernardyńska 156', '572328237', NULL, 'JanWoźny', 'WLK');
INSERT INTO projekt.osoba VALUES( '521206553165', 'Cecylia', 'Woźna', 'Toruń', 'Różana 139', '822703843', NULL, 'CecyliaWoźna', 'KPM');
INSERT INTO projekt.osoba VALUES( '720529934888', 'Zachary', 'Szymański', 'Zielona Góra', 'Bernardyńska 24', '712303132', NULL, 'ZacharySzymański', 'LBS');
INSERT INTO projekt.osoba VALUES( '650623814583', 'Barbara', 'Górna', 'Zielona Góra', 'Odrodzenia 87', '715347278', NULL, 'BarbaraGórna', 'LBS');
INSERT INTO projekt.osoba VALUES( '500304700735', 'Dariusz', 'Dadacki', 'Augustów', 'Spokojna 36', '501178537', NULL, 'DariuszDadacki', 'PDL');
INSERT INTO projekt.osoba VALUES( '990226323216', 'Marcelina', 'Abacka', 'Nysa', 'Słowackiego 162', '667656980', NULL, 'MarcelinaAbacka', 'OPO');
INSERT INTO projekt.osoba VALUES( '970116554893', 'Bogdan', 'Abacki', 'Giżycko', 'Słowackiego 69', '879050356', NULL, 'BogdanAbacki', 'WMZ');
INSERT INTO projekt.osoba VALUES( '660910896082', 'Oliwia', 'Kowalska', 'Nysa', 'Gajowa 195', '564091431', NULL, 'OliwiaKowalska', 'OPO');
INSERT INTO projekt.osoba VALUES( '920428864337', 'Stefan', 'Cabacki', 'Białystok', 'Żwirowa 69', '813299491', NULL, 'StefanCabacki', 'PDL');
INSERT INTO projekt.osoba VALUES( '820604130036', 'Marcelina', 'Babacka', 'Grudziąc', 'Leśna 31', '829736619', NULL, 'MarcelinaBabacka', 'KPM');
INSERT INTO projekt.osoba VALUES( '860719884736', 'Jan', 'Babacki', 'Kielce', 'Gajowa 100', '691894154', NULL, 'JanBabacki', 'ŚWI');
INSERT INTO projekt.osoba VALUES( '421021331866', 'Janina', 'Cabacka', 'Grudziąc', 'Odrodzenia 63', '428692898', NULL, 'JaninaCabacka', 'KPM');
INSERT INTO projekt.osoba VALUES( '740816471424', 'Jan', 'Kowalski', 'Lublin', 'Bernardyńska 195', '813392687', NULL, 'JanKowalski', 'LUB');
INSERT INTO projekt.osoba VALUES( '430715965519', 'Weronika', 'Babacka', 'Szczecin', '1 Maja 85', '803090837', NULL, 'WeronikaBabacka', 'ZPM');
INSERT INTO projekt.osoba VALUES( '920101847048', 'Bogdan', 'Dadacki', 'Olsztyn', 'Słoneczna 101', '571387864', NULL, 'BogdanDadacki', 'WMZ');
INSERT INTO projekt.osoba VALUES( '930927480570', 'Karolina', 'Woźna', 'Zakopane', 'Miła 160', '744031934', NULL, 'KarolinaWoźna', 'MAŁ');
INSERT INTO projekt.osoba VALUES( '731213990242', 'Tomasz', 'Babacki', 'Katowice', 'Sokola 198', '486854642', NULL, 'TomaszBabacki', 'ŚLS');
INSERT INTO projekt.osoba VALUES( '780508217315', 'Karolina', 'Woźna', 'Giżycko', 'Gajowa 191', '572036351', NULL, 'KarolinaWoźna', 'WMZ');
INSERT INTO projekt.osoba VALUES( '560205883690', 'Zachary', 'Cabacki', 'Lubin', 'Sobieskiego 120', '845877798', NULL, 'ZacharyCabacki', 'DŚL');
INSERT INTO projekt.osoba VALUES( '911102422204', 'Agnieszka', 'Abacka', 'Katowice', 'Spokojna 149', '733600265', NULL, 'AgnieszkaAbacka', 'ŚLS');
INSERT INTO projekt.osoba VALUES( '990824744130', 'Stefan', 'Szymański', 'Bełchatów', 'Gajowa 106', '527582338', NULL, 'StefanSzymański', 'ŁDZ');
INSERT INTO projekt.osoba VALUES( '480512506612', 'Karolina', 'Górna', 'Gdańsk', 'Chłodna 50', '558367482', NULL, 'KarolinaGórna', 'POM');
INSERT INTO projekt.osoba VALUES( '810113971681', 'Bogdan', 'Surchowski', 'Chorzów', 'Żwirowa 88', '766518643', NULL, 'BogdanSurchowski', 'ŚLS');
INSERT INTO projekt.osoba VALUES( '870831286865', 'Janina', 'Woźna', 'Kraków', 'Kwarcowa 166', '473920103', NULL, 'JaninaWoźna', 'MAŁ');
INSERT INTO projekt.osoba VALUES( '641222585185', 'Marcin', 'Górny', 'Katowice', 'Chopina 110', '572885875', NULL, 'MarcinGórny', 'ŚLS');
INSERT INTO projekt.osoba VALUES( '580617895921', 'Danuta', 'Babacka', 'Opatów', 'Romantyczna 142', '808636931', NULL, 'DanutaBabacka', 'ŚWI');
INSERT INTO projekt.osoba VALUES( '950726943447', 'Aleksander', 'Kowalski', 'Legnica', 'Brylantowa 188', '428629413', NULL, 'AleksanderKowalski', 'DŚL');
INSERT INTO projekt.osoba VALUES( '910412770212', 'Agnieszka', 'Babacka', 'Olsztyn', 'Żwirowa 34', '706316966', NULL, 'AgnieszkaBabacka', 'WMZ');
INSERT INTO projekt.osoba VALUES( '800929282844', 'Tomasz', 'Szymański', 'Kielce', 'Kwarcowa 111', '571621068', NULL, 'TomaszSzymański', 'ŚWI');
INSERT INTO projekt.osoba VALUES( '620102736584', 'Danuta', 'Surchowska', 'Kraków', 'Różana 33', '434138892', NULL, 'DanutaSurchowska', 'MAŁ');
INSERT INTO projekt.osoba VALUES( '561214921986', 'Cyprian', 'Górny', 'Lublin', 'Odrodzenia 38', '429759887', NULL, 'CyprianGórny', 'LUB');
INSERT INTO projekt.osoba VALUES( '700408296771', 'Weronika', 'Abacka', 'Tomaszów Mazowiecki', 'Łazy 90', '805578739', NULL, 'WeronikaAbacka', 'ŁDZ');
INSERT INTO projekt.osoba VALUES( '690928123953', 'Aleksander', 'Cabacki', 'Nysa', 'Leśna 29', '448726325', NULL, 'AleksanderCabacki', 'OPO');
INSERT INTO projekt.osoba VALUES( '570727394947', 'Barbara', 'Kowalska', 'Olsztyn', 'Kwarcowa 53', '416654366', NULL, 'BarbaraKowalska', 'WMZ');
INSERT INTO projekt.osoba VALUES( '640902909033', 'Zachary', 'Kowalski', 'Opole', 'Jodłowa 179', '814457760', NULL, 'ZacharyKowalski', 'OPO');
INSERT INTO projekt.osoba VALUES( '840318802909', 'Janina', 'Szymańska', 'Opatów', 'Żwirowa 141', '835177529', NULL, 'JaninaSzymańska', 'ŚWI');
INSERT INTO projekt.osoba VALUES( '541028476775', 'Kacper', 'Abacki', 'Lublin', 'Odrodzenia 36', '822278605', NULL, 'KacperAbacki', 'LUB');
INSERT INTO projekt.osoba VALUES( '711121568407', 'Agnieszka', 'Cabacka', 'Zielona Góra', 'Lipowa 122', '469094567', NULL, 'AgnieszkaCabacka', 'LBS');
INSERT INTO projekt.osoba VALUES( '430610242088', 'Cyprian', 'Dadacki', 'Chorzów', 'Lipowa 95', '436090044', NULL, 'CyprianDadacki', 'ŚLS');
INSERT INTO projekt.osoba VALUES( '711106511033', 'Janina', 'Dadacka', 'Katowice', 'Sobieskiego 45', '797098395', NULL, 'JaninaDadacka', 'ŚLS');
INSERT INTO projekt.osoba VALUES( '721125244181', 'Cyprian', 'Surchowski', 'Zielona Góra', 'Lapisowa 29', '894905175', NULL, 'CyprianSurchowski', 'LBS');
INSERT INTO projekt.osoba VALUES( '770403786068', 'Oliwia', 'Surchowska', 'Kędzierzyn-Koźle', 'Jodłowa 162', '484609351', NULL, 'OliwiaSurchowska', 'OPO');
INSERT INTO projekt.osoba VALUES( '970311459137', 'Tomasz', 'Surchowski', 'Zielona Góra', 'Chopina 186', '660965947', NULL, 'TomaszSurchowski', 'LBS');
INSERT INTO projekt.osoba VALUES( '861020412387', 'Agnieszka', 'Górna', 'Kielce', 'Żwirowa 119', '504704510', NULL, 'AgnieszkaGórna', 'ŚWI');
INSERT INTO projekt.osoba VALUES( '890228140678', 'Zachary', 'Cabacki', 'Olsztyn', 'Jodłowa 158', '722380394', NULL, 'ZacharyCabacki', 'WMZ');
INSERT INTO projekt.osoba VALUES( '580608839561', 'Marcelina', 'Kowalska', 'Kalisz', 'Bernardyńska 145', '402633473', NULL, 'MarcelinaKowalska', 'WLK');
INSERT INTO projekt.osoba VALUES( '800215792712', 'Kacper', 'Kowalski', 'Kraków', 'Kwarcowa 38', '764739820', NULL, 'KacperKowalski', 'MAŁ');
INSERT INTO projekt.osoba VALUES( '770229925032', 'Anna', 'Babacka', 'Bydgoszcz', 'Brylantowa 5', '694101132', NULL, 'AnnaBabacka', 'KPM');
INSERT INTO projekt.osoba VALUES( '561117399132', 'Aleksander', 'Dadacki', 'Kraków', 'Łazy 23', '858713156', NULL, 'AleksanderDadacki', 'MAŁ');
INSERT INTO projekt.osoba VALUES( '850124542826', 'Barbara', 'Górna', 'Chorzów', 'Romantyczna 154', '534072490', NULL, 'BarbaraGórna', 'ŚLS');
INSERT INTO projekt.osoba VALUES( '780403700377', 'Bogdan', 'Babacki', 'Płock', 'Chłodna 27', '755525019', NULL, 'BogdanBabacki', 'MAZ');
INSERT INTO projekt.osoba VALUES( '870117270772', 'Marcelina', 'Woźna', 'Toruń', 'Spokojna 120', '446076622', NULL, 'MarcelinaWoźna', 'KPM');
INSERT INTO projekt.osoba VALUES( '870827738541', 'Aleksander', 'Górny', 'Warszawa', 'Różana 163', '880590688', NULL, 'AleksanderGórny', 'MAZ');
INSERT INTO projekt.osoba VALUES( '410831428639', 'Barbara', 'Surchowska', 'Olsztyn', 'Spokojna 148', '740574039', NULL, 'BarbaraSurchowska', 'WMZ');
INSERT INTO projekt.osoba VALUES( '690224742578', 'Bogdan', 'Szymański', 'Gorzów Wielkopolski', 'Słowackiego 185', '808727011', NULL, 'BogdanSzymański', 'LBS');
INSERT INTO projekt.osoba VALUES( '611122891657', 'Elżbieta', 'Szymańska', 'Elbląg', 'Miła 104', '644327228', NULL, 'ElżbietaSzymańska', 'WMZ');
INSERT INTO projekt.osoba VALUES( '540926712919', 'Aleksander', 'Dadacki', 'Katowice', 'Lipowa 135', '706843720', NULL, 'AleksanderDadacki', 'ŚLS');
INSERT INTO projekt.osoba VALUES( '671206339598', 'Janina', 'Górna', 'Lubin', 'Słoneczna 71', '584608190', NULL, 'JaninaGórna', 'DŚL');
INSERT INTO projekt.osoba VALUES( '700526218210', 'Cyprian', 'Szymański', 'Krosno', 'PCK 84', '838574603', NULL, 'CyprianSzymański', 'PDK');
INSERT INTO projekt.osoba VALUES( '900620275330', 'Janina', 'Surchowska', 'Tomaszów Mazowiecki', 'Szkolna 103', '853087789', NULL, 'JaninaSurchowska', 'ŁDZ');
INSERT INTO projekt.osoba VALUES( '700911844323', 'Bogdan', 'Dadacki', 'Sandomierz', 'Chłodna 16', '473883978', NULL, 'BogdanDadacki', 'ŚWI');
INSERT INTO projekt.osoba VALUES( '630824222757', 'Weronika', 'Abacka', 'Toruń', 'Łazy 158', '704877944', NULL, 'WeronikaAbacka', 'KPM');
INSERT INTO projekt.osoba VALUES( '970118595075', 'Stefan', 'Woźny', 'Sopot', 'Szkolna 125', '804823226', NULL, 'StefanWoźny', 'POM');
INSERT INTO projekt.osoba VALUES( '950907429119', 'Danuta', 'Dadacka', 'Kędzierzyn-Koźle', 'Jodłowa 119', '863480031', NULL, 'DanutaDadacka', 'OPO');
INSERT INTO projekt.osoba VALUES( '760510353586', 'Adam', 'Górny', 'Olsztyn', 'Lapisowa 69', '888307573', NULL, 'AdamGórny', 'WMZ');
INSERT INTO projekt.osoba VALUES( '870705719292', 'Weronika', 'Babacka', 'Nysa', 'Chłodna 165', '431651176', NULL, 'WeronikaBabacka', 'OPO');
INSERT INTO projekt.osoba VALUES( '810514447543', 'Cyprian', 'Woźny', 'Gdańsk', 'Lapisowa 117', '404701202', NULL, 'CyprianWoźny', 'POM');
INSERT INTO projekt.osoba VALUES( '981229557082', 'Marcelina', 'Woźna', 'Gdańsk', 'Romantyczna 87', '469299266', NULL, 'MarcelinaWoźna', 'POM');
INSERT INTO projekt.osoba VALUES( '420102885997', 'Kacper', 'Kowalski', 'Toruń', 'Brylantowa 149', '486388672', NULL, 'KacperKowalski', 'KPM');
INSERT INTO projekt.osoba VALUES( '960927726957', 'Barbara', 'Woźna', 'Lublin', 'Słowackiego 159', '644766364', NULL, 'BarbaraWoźna', 'LUB');
INSERT INTO projekt.osoba VALUES( '560629614528', 'Dariusz', 'Woźny', 'Gorzów Wielkopolski', 'Sokola 24', '575753748', NULL, 'DariuszWoźny', 'LBS');
INSERT INTO projekt.osoba VALUES( '610825480514', 'Oliwia', 'Cabacka', 'Nowa Sól', 'Sokola 86', '707020781', NULL, 'OliwiaCabacka', 'LBS');
INSERT INTO projekt.osoba VALUES( '610302904193', 'Aleksander', 'Babacki', 'Rzeszów', 'Spokojna 188', '593913331', NULL, 'AleksanderBabacki', 'PDK');
INSERT INTO projekt.osoba VALUES( '520531521183', 'Anna', 'Szymańska', 'Sopot', 'Lapisowa 95', '617318482', NULL, 'AnnaSzymańska', 'POM');
INSERT INTO projekt.osoba VALUES( '781130183642', 'Stefan', 'Abacki', 'Toruń', 'Słowackiego 23', '686452707', NULL, 'StefanAbacki', 'KPM');
INSERT INTO projekt.osoba VALUES( '490623512649', 'Weronika', 'Babacka', 'Opole', 'Lipowa 107', '670833308', NULL, 'WeronikaBabacka', 'OPO');
INSERT INTO projekt.osoba VALUES( '470803629328', 'Cyprian', 'Surchowski', 'Zakopane', 'Żwirowa 126', '846229399', NULL, 'CyprianSurchowski', 'MAŁ');
INSERT INTO projekt.osoba VALUES( '830315672495', 'Cecylia', 'Dadacka', 'Lublin', 'Różana 32', '406525164', NULL, 'CecyliaDadacka', 'LUB');
INSERT INTO projekt.osoba VALUES( '570417158495', 'Jan', 'Cabacki', 'Warszawa', 'Spokojna 167', '772063157', NULL, 'JanCabacki', 'MAZ');
INSERT INTO projekt.osoba VALUES( '780816500949', 'Marcelina', 'Woźna', 'Opole', 'Szkolna 165', '529604855', NULL, 'MarcelinaWoźna', 'OPO');
INSERT INTO projekt.osoba VALUES( '740602472667', 'Cyprian', 'Surchowski', 'Elbląg', 'Gajowa 89', '539950989', NULL, 'CyprianSurchowski', 'WMZ');
INSERT INTO projekt.osoba VALUES( '710405471839', 'Anna', 'Szymańska', 'Rzeszów', 'Brylantowa 149', '464065765', NULL, 'AnnaSzymańska', 'PDK');
INSERT INTO projekt.osoba VALUES( '531117233279', 'Jan', 'Babacki', 'Legnica', 'Miła 80', '714779997', NULL, 'JanBabacki', 'DŚL');
INSERT INTO projekt.osoba VALUES( '440117891649', 'Cecylia', 'Woźna', 'Toruń', 'Żwirowa 145', '463659214', NULL, 'CecyliaWoźna', 'KPM');
INSERT INTO projekt.osoba VALUES( '410923225940', 'Kacper', 'Woźny', 'Gdynia', '1 Maja 122', '698191353', NULL, 'KacperWoźny', 'POM');
INSERT INTO projekt.osoba VALUES( '630302680231', 'Karolina', 'Abacka', 'Zambrów', 'Jodłowa 129', '679980366', NULL, 'KarolinaAbacka', 'PDL');
INSERT INTO projekt.osoba VALUES( '760305883653', 'Stefan', 'Surchowski', 'Toruń', 'Chopina 109', '535188186', NULL, 'StefanSurchowski', 'KPM');
INSERT INTO projekt.osoba VALUES( '820130700112', 'Janina', 'Abacka', 'Koszalin', 'Brylantowa 26', '853732801', NULL, 'JaninaAbacka', 'ZPM');
INSERT INTO projekt.osoba VALUES( '440605916547', 'Dariusz', 'Babacki', 'Krosno', 'Słowackiego 122', '402070368', NULL, 'DariuszBabacki', 'PDK');
INSERT INTO projekt.osoba VALUES( '800316946839', 'Oliwia', 'Cabacka', 'Kalisz', 'Różana 76', '647763270', NULL, 'OliwiaCabacka', 'WLK');
INSERT INTO projekt.osoba VALUES( '870123560287', 'Jan', 'Szymański', 'Nysa', 'Spokojna 156', '562882404', NULL, 'JanSzymański', 'OPO');
INSERT INTO projekt.osoba VALUES( '610218469364', 'Karolina', 'Górna', 'Grudziąc', 'Leśna 163', '473208157', NULL, 'KarolinaGórna', 'KPM');
INSERT INTO projekt.osoba VALUES( '660726237348', 'Aleksander', 'Kowalski', 'Jasło', 'PCK 77', '428146194', NULL, 'AleksanderKowalski', 'PDK');
INSERT INTO projekt.osoba VALUES( '550212501160', 'Barbara', 'Górna', 'Tarnów', '1 Maja 105', '688301824', NULL, 'BarbaraGórna', 'MAŁ');
INSERT INTO projekt.osoba VALUES( '530530148014', 'Marcin', 'Babacki', 'Zambrów', '1 Maja 59', '748120433', NULL, 'MarcinBabacki', 'PDL');
INSERT INTO projekt.osoba VALUES( '921214619461', 'Elżbieta', 'Cabacka', 'Augustów', 'Sokola 41', '823383828', NULL, 'ElżbietaCabacka', 'PDL');
INSERT INTO projekt.osoba VALUES( '910624119360', 'Kacper', 'Dadacki', 'Grudziąc', 'Sokola 8', '753338399', NULL, 'KacperDadacki', 'KPM');
INSERT INTO projekt.osoba VALUES( '670925199294', 'Barbara', 'Górna', 'Zamość', 'PCK 26', '587102256', NULL, 'BarbaraGórna', 'LUB');
INSERT INTO projekt.osoba VALUES( '800104986127', 'Stefan', 'Woźny', 'Częstochowa', 'Sokola 85', '661652084', NULL, 'StefanWoźny', 'ŚLS');
INSERT INTO projekt.osoba VALUES( '450408258015', 'Janina', 'Abacka', 'Szczecin', 'Spokojna 180', '835671375', NULL, 'JaninaAbacka', 'ZPM');
INSERT INTO projekt.osoba VALUES( '860210738938', 'Marcin', 'Woźny', 'Radom', 'Chopina 119', '757798183', NULL, 'MarcinWoźny', 'MAZ');
INSERT INTO projekt.osoba VALUES( '690114324183', 'Janina', 'Cabacka', 'Sopot', 'Sokola 199', '583414418', NULL, 'JaninaCabacka', 'POM');
INSERT INTO projekt.osoba VALUES( '560316603646', 'Aleksander', 'Górny', 'Kołobrzeg', 'Chopina 185', '556061704', NULL, 'AleksanderGórny', 'ZPM');
INSERT INTO projekt.osoba VALUES( '631018383249', 'Agnieszka', 'Górna', 'Rzeszów', 'Jodłowa 99', '768119191', NULL, 'AgnieszkaGórna', 'PDK');
INSERT INTO projekt.osoba VALUES( '490103531020', 'Zachary', 'Kowalski', 'Lublin', '1 Maja 97', '778571369', NULL, 'ZacharyKowalski', 'LUB');
INSERT INTO projekt.osoba VALUES( '600605649309', 'Marcelina', 'Babacka', 'Chorzów', 'Chłodna 29', '603811196', NULL, 'MarcelinaBabacka', 'ŚLS');
INSERT INTO projekt.osoba VALUES( '481013423292', 'Marcin', 'Szymański', 'Zamość', 'Jodłowa 43', '431013468', NULL, 'MarcinSzymański', 'LUB');
INSERT INTO projekt.osoba VALUES( '470621436220', 'Cecylia', 'Szymańska', 'Tarnów', 'Łazy 121', '593618195', NULL, 'CecyliaSzymańska', 'MAŁ');
INSERT INTO projekt.osoba VALUES( '460128904193', 'Stefan', 'Babacki', 'Bełchatów', 'Sobieskiego 42', '561949813', NULL, 'StefanBabacki', 'ŁDZ');
INSERT INTO projekt.osoba VALUES( '480602592992', 'Oliwia', 'Górna', 'Koszalin', 'Słowackiego 117', '679284384', NULL, 'OliwiaGórna', 'ZPM');
INSERT INTO projekt.osoba VALUES( '910328944899', 'Jan', 'Cabacki', 'Nysa', 'Słowackiego 104', '573092662', NULL, 'JanCabacki', 'OPO');
INSERT INTO projekt.osoba VALUES( '860907789335', 'Danuta', 'Woźna', 'Legnica', 'Słoneczna 56', '404663135', NULL, 'DanutaWoźna', 'DŚL');
INSERT INTO projekt.osoba VALUES( '620823369868', 'Bogdan', 'Cabacki', 'Elbląg', 'Jodłowa 77', '622994439', NULL, 'BogdanCabacki', 'WMZ');
INSERT INTO projekt.osoba VALUES( '860625875307', 'Weronika', 'Kowalska', 'Koszalin', 'Kwarcowa 126', '706823585', NULL, 'WeronikaKowalska', 'ZPM');
INSERT INTO projekt.osoba VALUES( '811106855753', 'Tomasz', 'Abacki', 'Elbląg', 'Lipowa 144', '859987831', NULL, 'TomaszAbacki', 'WMZ');
INSERT INTO projekt.osoba VALUES( '401213752231', 'Danuta', 'Górna', 'Łódź', 'Szkolna 172', '654896083', NULL, 'DanutaGórna', 'ŁDZ');
INSERT INTO projekt.osoba VALUES( '941225887807', 'Stefan', 'Woźny', 'Zambrów', 'Lapisowa 94', '864835649', NULL, 'StefanWoźny', 'PDL');
INSERT INTO projekt.osoba VALUES( '840301313621', 'Agnieszka', 'Górna', 'Bydgoszcz', 'Miła 173', '643557186', NULL, 'AgnieszkaGórna', 'KPM');
INSERT INTO projekt.osoba VALUES( '970729233106', 'Tomasz', 'Surchowski', 'Opole', 'Romantyczna 193', '675384470', NULL, 'TomaszSurchowski', 'OPO');
INSERT INTO projekt.osoba VALUES( '791209984279', 'Karolina', 'Surchowska', 'Radom', '1 Maja 66', '548825996', NULL, 'KarolinaSurchowska', 'MAZ');
INSERT INTO projekt.osoba VALUES( '981218564824', 'Tomasz', 'Kowalski', 'Bełchatów', 'Sobieskiego 19', '427475648', NULL, 'TomaszKowalski', 'ŁDZ');
INSERT INTO projekt.osoba VALUES( '730623905803', 'Oliwia', 'Dadacka', 'Giżycko', 'Słowackiego 104', '673503255', NULL, 'OliwiaDadacka', 'WMZ');
INSERT INTO projekt.osoba VALUES( '871203148567', 'Tomasz', 'Surchowski', 'Koszalin', 'Jodłowa 84', '733706477', NULL, 'TomaszSurchowski', 'ZPM');
INSERT INTO projekt.osoba VALUES( '671005755621', 'Danuta', 'Kowalska', 'Białystok', 'Brylantowa 69', '625974888', NULL, 'DanutaKowalska', 'PDL');
INSERT INTO projekt.osoba VALUES( '881214198695', 'Kacper', 'Górny', 'Krosno', 'Brylantowa 105', '624341044', NULL, 'KacperGórny', 'PDK');
INSERT INTO projekt.osoba VALUES( '510102566110', 'Janina', 'Kowalska', 'Tomaszów Mazowiecki', 'Chłodna 120', '832057009', NULL, 'JaninaKowalska', 'ŁDZ');
INSERT INTO projekt.osoba VALUES( '691119377742', 'Tomasz', 'Dadacki', 'Kalisz', 'Brylantowa 138', '617581689', NULL, 'TomaszDadacki', 'WLK');
INSERT INTO projekt.osoba VALUES( '401104876992', 'Oliwia', 'Dadacka', 'Płock', 'Odrodzenia 65', '707235845', NULL, 'OliwiaDadacka', 'MAZ');
INSERT INTO projekt.osoba VALUES( '661121422074', 'Stefan', 'Szymański', 'Kędzierzyn-Koźle', 'Bernardyńska 132', '727145560', NULL, 'StefanSzymański', 'OPO');
INSERT INTO projekt.osoba VALUES( '450808847771', 'Elżbieta', 'Babacka', 'Kalisz', 'Słowackiego 185', '518570676', NULL, 'ElżbietaBabacka', 'WLK');
INSERT INTO projekt.osoba VALUES( '610501897248', 'Adam', 'Abacki', 'Lubin', 'Miła 14', '522714769', NULL, 'AdamAbacki', 'DŚL');
INSERT INTO projekt.osoba VALUES( '981116758824', 'Anna', 'Woźna', 'Olsztyn', 'Odrodzenia 59', '701046634', NULL, 'AnnaWoźna', 'WMZ');
INSERT INTO projekt.osoba VALUES( '810706447224', 'Stefan', 'Szymański', 'Częstochowa', '1 Maja 172', '862624909', NULL, 'StefanSzymański', 'ŚLS');
INSERT INTO projekt.osoba VALUES( '850207344410', 'Anna', 'Szymańska', 'Poznań', 'Lipowa 147', '651704208', NULL, 'AnnaSzymańska', 'WLK');
INSERT INTO projekt.osoba VALUES( '680212728484', 'Bogdan', 'Cabacki', 'Zakopane', 'Kwarcowa 53', '412965252', NULL, 'BogdanCabacki', 'MAŁ');
INSERT INTO projekt.osoba VALUES( '971209582255', 'Danuta', 'Cabacka', 'Grudziąc', 'Spokojna 176', '860790249', NULL, 'DanutaCabacka', 'KPM');
INSERT INTO projekt.osoba VALUES( '710301326296', 'Cyprian', 'Surchowski', 'Augustów', '1 Maja 39', '764151405', NULL, 'CyprianSurchowski', 'PDL');
INSERT INTO projekt.osoba VALUES( '550624804084', 'Barbara', 'Kowalska', 'Lubin', 'Miła 196', '723774185', NULL, 'BarbaraKowalska', 'DŚL');
INSERT INTO projekt.osoba VALUES( '420630783017', 'Bogdan', 'Woźny', 'Lubin', 'Odrodzenia 1', '766051271', NULL, 'BogdanWoźny', 'DŚL');
INSERT INTO projekt.osoba VALUES( '450210127575', 'Cecylia', 'Kowalska', 'Tarnów', 'Łazy 42', '619688285', NULL, 'CecyliaKowalska', 'MAŁ');
INSERT INTO projekt.osoba VALUES( '811104768572', 'Bogdan', 'Górny', 'Rzeszów', 'Odrodzenia 3', '620379099', NULL, 'BogdanGórny', 'PDK');
INSERT INTO projekt.osoba VALUES( '710111546801', 'Oliwia', 'Kowalska', 'Tomaszów Mazowiecki', 'Romantyczna 73', '467162272', NULL, 'OliwiaKowalska', 'ŁDZ');
INSERT INTO projekt.osoba VALUES( '490612750803', 'Tomasz', 'Abacki', 'Gdynia', 'PCK 181', '833199883', NULL, 'TomaszAbacki', 'POM');
INSERT INTO projekt.osoba VALUES( '640428831263', 'Karolina', 'Cabacka', 'Olsztyn', 'Romantyczna 170', '748717316', NULL, 'KarolinaCabacka', 'WMZ');
INSERT INTO projekt.osoba VALUES( '830424644489', 'Marcin', 'Cabacki', 'Olsztyn', 'Odrodzenia 78', '436229261', NULL, 'MarcinCabacki', 'WMZ');
INSERT INTO projekt.osoba VALUES( '810507114847', 'Karolina', 'Cabacka', 'Płock', 'Szkolna 111', '742481229', NULL, 'KarolinaCabacka', 'MAZ');
INSERT INTO projekt.osoba VALUES( '851013122358', 'Jan', 'Górny', 'Białystok', 'Spokojna 26', '880446778', NULL, 'JanGórny', 'PDL');
INSERT INTO projekt.osoba VALUES( '961014601315', 'Marcelina', 'Dadacka', 'Opole', 'Sobieskiego 115', '815547921', NULL, 'MarcelinaDadacka', 'OPO');
INSERT INTO projekt.osoba VALUES( '640911848501', 'Aleksander', 'Woźny', 'Legnica', 'Szkolna 181', '439444956', NULL, 'AleksanderWoźny', 'DŚL');
INSERT INTO projekt.osoba VALUES( '840902208064', 'Weronika', 'Górna', 'Zambrów', 'Różana 28', '835035549', NULL, 'WeronikaGórna', 'PDL');
INSERT INTO projekt.osoba VALUES( '650224264356', 'Aleksander', 'Abacki', 'Elbląg', 'Lipowa 169', '580027032', NULL, 'AleksanderAbacki', 'WMZ');
INSERT INTO projekt.osoba VALUES( '981221106547', 'Marcelina', 'Woźna', 'Chorzów', 'Romantyczna 73', '605327517', NULL, 'MarcelinaWoźna', 'ŚLS');
INSERT INTO projekt.osoba VALUES( '640708489825', 'Zachary', 'Babacki', 'Legnica', 'Odrodzenia 17', '585805470', NULL, 'ZacharyBabacki', 'DŚL');
INSERT INTO projekt.osoba VALUES( '590723434843', 'Karolina', 'Abacka', 'Warszawa', 'Sobieskiego 124', '540547603', NULL, 'KarolinaAbacka', 'MAZ');
INSERT INTO projekt.osoba VALUES( '460301181626', 'Bogdan', 'Surchowski', 'Radom', '1 Maja 79', '506486557', NULL, 'BogdanSurchowski', 'MAZ');
INSERT INTO projekt.osoba VALUES( '530922658435', 'Cecylia', 'Abacka', 'Gorzów Wielkopolski', 'Chłodna 7', '424809978', NULL, 'CecyliaAbacka', 'LBS');
INSERT INTO projekt.osoba VALUES( '500323658845', 'Tomasz', 'Abacki', 'Elbląg', 'Leśna 70', '504603401', NULL, 'TomaszAbacki', 'WMZ');
INSERT INTO projekt.osoba VALUES( '521202412703', 'Elżbieta', 'Abacka', 'Lubin', 'Brylantowa 42', '722513882', NULL, 'ElżbietaAbacka', 'DŚL');
INSERT INTO projekt.osoba VALUES( '930809612059', 'Aleksander', 'Szymański', 'Częstochowa', 'Odrodzenia 100', '403932651', NULL, 'AleksanderSzymański', 'ŚLS');
INSERT INTO projekt.osoba VALUES( '570822349087', 'Janina', 'Cabacka', 'Legnica', 'Szkolna 25', '488788485', NULL, 'JaninaCabacka', 'DŚL');
INSERT INTO projekt.osoba VALUES( '891204259860', 'Cyprian', 'Babacki', 'Zamość', 'Jodłowa 15', '542811427', NULL, 'CyprianBabacki', 'LUB');
INSERT INTO projekt.osoba VALUES( '930214277606', 'Janina', 'Babacka', 'Grudziąc', 'Sobieskiego 75', '588514050', NULL, 'JaninaBabacka', 'KPM');
INSERT INTO projekt.osoba VALUES( '640912466703', 'Tomasz', 'Surchowski', 'Szczecin', 'Lipowa 116', '586846214', NULL, 'TomaszSurchowski', 'ZPM');
INSERT INTO projekt.osoba VALUES( '890715516941', 'Karolina', 'Surchowska', 'Olsztyn', 'Szkolna 66', '579611386', NULL, 'KarolinaSurchowska', 'WMZ');
INSERT INTO projekt.osoba VALUES( '930627991137', 'Cyprian', 'Kowalski', 'Jasło', 'PCK 136', '641074787', NULL, 'CyprianKowalski', 'PDK');
INSERT INTO projekt.osoba VALUES( '430731201306', 'Barbara', 'Kowalska', 'Sandomierz', 'Kwarcowa 74', '402823397', NULL, 'BarbaraKowalska', 'ŚWI');
INSERT INTO projekt.osoba VALUES( '710231612946', 'Stefan', 'Abacki', 'Płock', 'Chopina 156', '666707931', NULL, 'StefanAbacki', 'MAZ');
INSERT INTO projekt.osoba VALUES( '520215324237', 'Elżbieta', 'Dadacka', 'Tomaszów Mazowiecki', 'Leśna 68', '720123538', NULL, 'ElżbietaDadacka', 'ŁDZ');
INSERT INTO projekt.osoba VALUES( '520319128342', 'Stefan', 'Kowalski', 'Szczecin', 'Chłodna 141', '746557230', NULL, 'StefanKowalski', 'ZPM');
INSERT INTO projekt.osoba VALUES( '970221527797', 'Weronika', 'Dadacka', 'Chełm', 'Słoneczna 142', '505413410', NULL, 'WeronikaDadacka', 'LUB');
INSERT INTO projekt.osoba VALUES( '440105266656', 'Stefan', 'Cabacki', 'Giżycko', 'Sobieskiego 117', '794571795', NULL, 'StefanCabacki', 'WMZ');
INSERT INTO projekt.osoba VALUES( '400427659966', 'Janina', 'Surchowska', 'Nysa', 'Szkolna 187', '558678137', NULL, 'JaninaSurchowska', 'OPO');
INSERT INTO projekt.osoba VALUES( '900212111126', 'Jan', 'Kowalski', 'Leszno', 'Brylantowa 134', '610330688', NULL, 'JanKowalski', 'WLK');
INSERT INTO projekt.osoba VALUES( '710220759330', 'Elżbieta', 'Cabacka', 'Giżycko', 'Romantyczna 93', '817842693', NULL, 'ElżbietaCabacka', 'WMZ');
INSERT INTO projekt.osoba VALUES( '660905305743', 'Kacper', 'Woźny', 'Łódź', 'Odrodzenia 53', '809634239', NULL, 'KacperWoźny', 'ŁDZ');
INSERT INTO projekt.osoba VALUES( '700811815637', 'Danuta', 'Dadacka', 'Katowice', 'Szkolna 71', '454604769', NULL, 'DanutaDadacka', 'ŚLS');
INSERT INTO projekt.osoba VALUES( '800101912170', 'Cyprian', 'Abacki', 'Kraków', 'Romantyczna 32', '485947125', NULL, 'CyprianAbacki', 'MAŁ');
INSERT INTO projekt.osoba VALUES( '730824121528', 'Agnieszka', 'Babacka', 'Kołobrzeg', 'Jodłowa 172', '663576177', NULL, 'AgnieszkaBabacka', 'ZPM');
INSERT INTO projekt.osoba VALUES( '990119360245', 'Stefan', 'Kowalski', 'Zamość', 'Odrodzenia 110', '409896426', NULL, 'StefanKowalski', 'LUB');
INSERT INTO projekt.osoba VALUES( '540421252279', 'Marcelina', 'Kowalska', 'Zakopane', 'Szkolna 40', '707587453', NULL, 'MarcelinaKowalska', 'MAŁ');
INSERT INTO projekt.osoba VALUES( '430611908922', 'Adam', 'Babacki', 'Krosno', '1 Maja 59', '687787813', NULL, 'AdamBabacki', 'PDK');
INSERT INTO projekt.osoba VALUES( '551209491048', 'Karolina', 'Cabacka', 'Sandomierz', 'Jodłowa 87', '616628381', NULL, 'KarolinaCabacka', 'ŚWI');
INSERT INTO projekt.osoba VALUES( '450428747242', 'Jan', 'Abacki', 'Olsztyn', 'Chłodna 99', '474501693', NULL, 'JanAbacki', 'WMZ');
INSERT INTO projekt.osoba VALUES( '650726763999', 'Danuta', 'Górna', 'Zambrów', '1 Maja 5', '710019467', NULL, 'DanutaGórna', 'PDL');
INSERT INTO projekt.osoba VALUES( '950319388092', 'Stefan', 'Szymański', 'Sopot', 'Słowackiego 194', '473990382', NULL, 'StefanSzymański', 'POM');
INSERT INTO projekt.osoba VALUES( '750717383270', 'Barbara', 'Kowalska', 'Kraków', '1 Maja 137', '403715710', NULL, 'BarbaraKowalska', 'MAŁ');
INSERT INTO projekt.osoba VALUES( '510831363826', 'Stefan', 'Surchowski', 'Legnica', 'Lapisowa 151', '617988224', NULL, 'StefanSurchowski', 'DŚL');
INSERT INTO projekt.osoba VALUES( '900705769653', 'Elżbieta', 'Woźna', 'Kielce', 'Słoneczna 81', '620497300', NULL, 'ElżbietaWoźna', 'ŚWI');


INSERT INTO projekt.pracownik_laboratorium(Osoba_Pesel, Laboratorium_ID, Pracownik_Laboratorium_Haslo) VALUES ('700629391250', 'WAR01', 'covid2020' );
INSERT INTO projekt.pracownik_laboratorium(Osoba_Pesel, Laboratorium_ID, Pracownik_Laboratorium_Haslo) VALUES ('681129694732', 'WAR01', 'covid2020' );
INSERT INTO projekt.pracownik_laboratorium(Osoba_Pesel, Laboratorium_ID, Pracownik_Laboratorium_Haslo) VALUES ('530308652574', 'WAR01', 'covid2020' );
INSERT INTO projekt.pracownik_laboratorium(Osoba_Pesel, Laboratorium_ID, Pracownik_Laboratorium_Haslo) VALUES ('830430738589', 'WAR02', 'covid2020' );
INSERT INTO projekt.pracownik_laboratorium(Osoba_Pesel, Laboratorium_ID, Pracownik_Laboratorium_Haslo) VALUES ('771109380606', 'WAR02', 'covid2020' );
INSERT INTO projekt.pracownik_laboratorium(Osoba_Pesel, Laboratorium_ID, Pracownik_Laboratorium_Haslo) VALUES ('640406285691', 'LUB01', 'covid2020' );
INSERT INTO projekt.pracownik_laboratorium(Osoba_Pesel, Laboratorium_ID, Pracownik_Laboratorium_Haslo) VALUES ('931118331121', 'LUB01', 'covid2020' );
INSERT INTO projekt.pracownik_laboratorium(Osoba_Pesel, Laboratorium_ID, Pracownik_Laboratorium_Haslo) VALUES ('740914728528', 'KRA01', 'covid2020' );
INSERT INTO projekt.pracownik_laboratorium(Osoba_Pesel, Laboratorium_ID, Pracownik_Laboratorium_Haslo) VALUES ('410421110878', 'KRA02', 'covid2020' );
INSERT INTO projekt.pracownik_laboratorium(Osoba_Pesel, Laboratorium_ID, Pracownik_Laboratorium_Haslo) VALUES ('690409576124', 'WRO01', 'covid2020' );
INSERT INTO projekt.pracownik_laboratorium(Osoba_Pesel, Laboratorium_ID, Pracownik_Laboratorium_Haslo) VALUES ('840415981621', 'WRO02', 'covid2020' );
INSERT INTO projekt.pracownik_laboratorium(Osoba_Pesel, Laboratorium_ID, Pracownik_Laboratorium_Haslo) VALUES ('520924218151', 'POZ01', 'covid2020' );
INSERT INTO projekt.pracownik_laboratorium(Osoba_Pesel, Laboratorium_ID, Pracownik_Laboratorium_Haslo) VALUES ('640410863125', 'SZC01', 'covid2020' );
INSERT INTO projekt.pracownik_laboratorium(Osoba_Pesel, Laboratorium_ID, Pracownik_Laboratorium_Haslo) VALUES ('550210617464', 'KAT01', 'covid2020' );


INSERT INTO projekt.lekarz(Osoba_Pesel, Szpital_ID, Lekarz_Haslo) VALUES ( '800912298951' ,'S01LUB', 'jestemLekarzem' );
INSERT INTO projekt.lekarz(Osoba_Pesel, Szpital_ID, Lekarz_Haslo) VALUES ( '811207263870' ,'S01WAR', 'jestemLekarzem' );
INSERT INTO projekt.lekarz(Osoba_Pesel, Szpital_ID, Lekarz_Haslo) VALUES ( '930415332911' ,'S01WAR', 'jestemLekarzem' );
INSERT INTO projekt.lekarz(Osoba_Pesel, Szpital_ID, Lekarz_Haslo) VALUES ( '530313853779' ,'S02WAR', 'jestemLekarzem' );
INSERT INTO projekt.lekarz(Osoba_Pesel, Szpital_ID, Lekarz_Haslo) VALUES ( '951001323926' ,'S02WAR', 'jestemLekarzem' );
INSERT INTO projekt.lekarz(Osoba_Pesel, Szpital_ID, Lekarz_Haslo) VALUES ( '601006193631' ,'S02WAR', 'jestemLekarzem' );
INSERT INTO projekt.lekarz(Osoba_Pesel, Szpital_ID, Lekarz_Haslo) VALUES ( '460507866699' ,'S02WAR', 'jestemLekarzem' );
INSERT INTO projekt.lekarz(Osoba_Pesel, Szpital_ID, Lekarz_Haslo) VALUES ( '501210103157' ,'S02WAR', 'jestemLekarzem' );
INSERT INTO projekt.lekarz(Osoba_Pesel, Szpital_ID, Lekarz_Haslo) VALUES ( '440817164683' ,'S02WAR', 'jestemLekarzem' );
INSERT INTO projekt.lekarz(Osoba_Pesel, Szpital_ID, Lekarz_Haslo) VALUES ( '690113121818' ,'S01LUB', 'jestemLekarzem' );
INSERT INTO projekt.lekarz(Osoba_Pesel, Szpital_ID, Lekarz_Haslo) VALUES ( '751118931592' ,'S01KRA', 'jestemLekarzem' );
INSERT INTO projekt.lekarz(Osoba_Pesel, Szpital_ID, Lekarz_Haslo) VALUES ( '831001454051' ,'S01KRA', 'jestemLekarzem' );
INSERT INTO projekt.lekarz(Osoba_Pesel, Szpital_ID, Lekarz_Haslo) VALUES ( '590915158708' ,'S01KRA', 'jestemLekarzem' );
INSERT INTO projekt.lekarz(Osoba_Pesel, Szpital_ID, Lekarz_Haslo) VALUES ( '940130913128' ,'S02KRA', 'jestemLekarzem' );
INSERT INTO projekt.lekarz(Osoba_Pesel, Szpital_ID, Lekarz_Haslo) VALUES ( '720518719188' ,'S02KRA', 'jestemLekarzem' );
INSERT INTO projekt.lekarz(Osoba_Pesel, Szpital_ID, Lekarz_Haslo) VALUES ( '470612573434' ,'S02KRA', 'jestemLekarzem' );
INSERT INTO projekt.lekarz(Osoba_Pesel, Szpital_ID, Lekarz_Haslo) VALUES ( '400428797058' ,'S01POZ', 'jestemLekarzem' );
INSERT INTO projekt.lekarz(Osoba_Pesel, Szpital_ID, Lekarz_Haslo) VALUES ( '790214350252' ,'S01POZ', 'jestemLekarzem' );
INSERT INTO projekt.lekarz(Osoba_Pesel, Szpital_ID, Lekarz_Haslo) VALUES ( '871025240900' ,'S01SZC', 'jestemLekarzem' );
INSERT INTO projekt.lekarz(Osoba_Pesel, Szpital_ID, Lekarz_Haslo) VALUES ( '890504627453' ,'S01SZC', 'jestemLekarzem' );
INSERT INTO projekt.lekarz(Osoba_Pesel, Szpital_ID, Lekarz_Haslo) VALUES ( '401022413355' ,'S01GDA', 'jestemLekarzem' );
INSERT INTO projekt.lekarz(Osoba_Pesel, Szpital_ID, Lekarz_Haslo) VALUES ( '761202238396' ,'S01KAT', 'jestemLekarzem' );
INSERT INTO projekt.lekarz(Osoba_Pesel, Szpital_ID, Lekarz_Haslo) VALUES ( '470226722157' ,'S01GDA', 'jestemLekarzem' );
INSERT INTO projekt.lekarz(Osoba_Pesel, Szpital_ID, Lekarz_Haslo) VALUES ( '830619171904' ,'S01RZE', 'jestemLekarzem' );
INSERT INTO projekt.lekarz(Osoba_Pesel, Szpital_ID, Lekarz_Haslo) VALUES ( '761207573405' ,'S01RZE', 'jestemLekarzem' );


INSERT INTO projekt.zlecenie_testu(Osoba_Pesel, Lekarz_ID, Zlecenie_Testu_Data) VALUES ( '800503342945', NULL, '2020-12-12');
INSERT INTO projekt.zlecenie_testu(Osoba_Pesel, Lekarz_ID, Zlecenie_Testu_Data) VALUES ( '770511578901', NULL, '2020-12-21');
INSERT INTO projekt.zlecenie_testu(Osoba_Pesel, Lekarz_ID, Zlecenie_Testu_Data) VALUES ( '660905305743', NULL, '2020-12-21');
INSERT INTO projekt.zlecenie_testu(Osoba_Pesel, Lekarz_ID, Zlecenie_Testu_Data) VALUES ( '700811815637', NULL, '2020-12-21');
INSERT INTO projekt.zlecenie_testu(Osoba_Pesel, Lekarz_ID, Zlecenie_Testu_Data) VALUES ( '800101912170', NULL, '2020-12-21');
INSERT INTO projekt.zlecenie_testu(Osoba_Pesel, Lekarz_ID, Zlecenie_Testu_Data) VALUES ( '730824121528', NULL, '2020-12-21');
INSERT INTO projekt.zlecenie_testu(Osoba_Pesel, Lekarz_ID, Zlecenie_Testu_Data) VALUES ( '990119360245', NULL, '2020-12-21');
INSERT INTO projekt.zlecenie_testu(Osoba_Pesel, Lekarz_ID, Zlecenie_Testu_Data) VALUES ( '540421252279', NULL, '2020-12-21');
INSERT INTO projekt.zlecenie_testu(Osoba_Pesel, Lekarz_ID, Zlecenie_Testu_Data) VALUES ( '430611908922', NULL, '2020-12-21');
INSERT INTO projekt.zlecenie_testu(Osoba_Pesel, Lekarz_ID, Zlecenie_Testu_Data) VALUES ( '551209491048', NULL, '2020-12-21');
INSERT INTO projekt.zlecenie_testu(Osoba_Pesel, Lekarz_ID, Zlecenie_Testu_Data) VALUES ( '450428747242', NULL, '2020-12-21');
INSERT INTO projekt.zlecenie_testu(Osoba_Pesel, Lekarz_ID, Zlecenie_Testu_Data) VALUES ( '650726763999', NULL, '2020-12-21');
INSERT INTO projekt.zlecenie_testu(Osoba_Pesel, Lekarz_ID, Zlecenie_Testu_Data) VALUES ( '950319388092', NULL, '2020-12-21');
INSERT INTO projekt.zlecenie_testu(Osoba_Pesel, Lekarz_ID, Zlecenie_Testu_Data) VALUES ( '750717383270', NULL, '2020-12-21');
INSERT INTO projekt.zlecenie_testu(Osoba_Pesel, Lekarz_ID, Zlecenie_Testu_Data) VALUES ( '510831363826', NULL, '2020-12-21');
INSERT INTO projekt.zlecenie_testu(Osoba_Pesel, Lekarz_ID, Zlecenie_Testu_Data) VALUES ( '900705769653', NULL, '2020-12-21');


INSERT INTO projekt.pacjent(Osoba_Pesel, Pacjent_Stan, Szpital_ID) VALUES ( '710405471839', 'kwarantanna', 'S01WAR' );
INSERT INTO projekt.pacjent(Osoba_Pesel, Pacjent_Stan, Szpital_ID) VALUES ( '610825480514', 'kwarantanna', NULL );
INSERT INTO projekt.pacjent(Osoba_Pesel, Pacjent_Stan, Szpital_ID) VALUES ( '610302904193', 'kwarantanna', NULL );
INSERT INTO projekt.pacjent(Osoba_Pesel, Pacjent_Stan, Szpital_ID) VALUES ( '520531521183', 'kwarantanna', NULL );
INSERT INTO projekt.pacjent(Osoba_Pesel, Pacjent_Stan, Szpital_ID) VALUES ( '781130183642', 'kwarantanna', NULL );
INSERT INTO projekt.pacjent(Osoba_Pesel, Pacjent_Stan, Szpital_ID) VALUES ( '490623512649', 'kwarantanna', NULL );
INSERT INTO projekt.pacjent(Osoba_Pesel, Pacjent_Stan, Szpital_ID) VALUES ( '800503342945', 'chory', NULL );



INSERT INTO projekt.test(Zlecenie_Testu_ID, Pracownik_Laboratorium_ID, Test_Wynik, Test_Data) VALUES( 1, 1, TRUE, '2020-12-13');
INSERT INTO projekt.test(Zlecenie_Testu_ID, Pracownik_Laboratorium_ID, Test_Wynik, Test_Data) VALUES( 2, 1, FALSE, '2020-12-22');
INSERT INTO projekt.test(Zlecenie_Testu_ID, Pracownik_Laboratorium_ID, Test_Wynik, Test_Data) VALUES( 3, 2, FALSE, '2020-12-22');
INSERT INTO projekt.test(Zlecenie_Testu_ID, Pracownik_Laboratorium_ID, Test_Wynik, Test_Data) VALUES( 4, 6, TRUE, '2020-12-23');
INSERT INTO projekt.test(Zlecenie_Testu_ID, Pracownik_Laboratorium_ID, Test_Wynik, Test_Data) VALUES( 5, 4, FALSE, '2020-12-23');
INSERT INTO projekt.test(Zlecenie_Testu_ID, Pracownik_Laboratorium_ID, Test_Wynik, Test_Data) VALUES( 6, 3, FALSE, '2020-12-23');
INSERT INTO projekt.test(Zlecenie_Testu_ID, Pracownik_Laboratorium_ID, Test_Wynik, Test_Data) VALUES( 7, 2, FALSE, '2020-12-23');
INSERT INTO projekt.test(Zlecenie_Testu_ID, Pracownik_Laboratorium_ID, Test_Wynik, Test_Data) VALUES( 8, 10, FALSE, '2020-12-23');
INSERT INTO projekt.test(Zlecenie_Testu_ID, Pracownik_Laboratorium_ID, Test_Wynik, Test_Data) VALUES( 9, 12, FALSE, '2020-12-23');
INSERT INTO projekt.test(Zlecenie_Testu_ID, Pracownik_Laboratorium_ID, Test_Wynik, Test_Data) VALUES( 10, 8, TRUE, '2020-12-23');


SELECT projekt.edytuj_pesel_kontaktowej('690316543562', '890725468720');
SELECT projekt.edytuj_pesel_kontaktowej('920428864337', '890725468720');


SELECT projekt.dodaj_izolacje('610825480514', 'I01LUB', NOW()::DATE); 
SELECT projekt.dodaj_izolacje('490623512649', 'I01LUB', NOW()::DATE); 
